player_id,player_display_name,college_flag,predicted_weekly_ppr
00-0038543,Jaxon Smith-Njigba,0,18.13
00-0039075,Puka Nacua,0,17.77
00-0036900,Ja'Marr Chase,0,17.34
00-0036963,Amon-Ra St. Brown,0,16.41
00-0039067,Rashee Rice,0,16.17
00-0037239,Chris Olave,0,15.8
00-0037238,Drake London,0,15.6
00-0036554,Nico Collins,0,14.55
00-0035676,A.J. Brown,0,14.44
00-0037247,George Pickens,0,14.4
00-0036358,CeeDee Lamb,0,14.36
00-0039064,Zay Flowers,0,13.24
00-0039337,Malik Nabers,0,13.14
00-0031381,Davante Adams,0,12.92
00-0035640,DK Metcalf,0,12.91
00-0034348,Courtland Sutton,0,12.87
00-0036613,Jaylen Waddle,0,12.86
00-0040124,Tetairoa McMillan,0,12.84
00-0037740,Garrett Wilson,0,12.69
00-0038544,Quentin Johnston,0,12.6
00-0038117,Wan'Dale Robinson,0,12.58
00-0037240,Jameson Williams,0,12.49
00-0036322,Justin Jefferson,0,12.32
00-0036410,Tee Higgins,0,12.31
00-0040129,Emeka Egbuka,0,12.27
00-0039919,Rome Odunze,0,12.25
00-0038124,Christian Watson,0,12.14
00-0036912,DeVonta Smith,0,11.85
00-0033040,Tyreek Hill,0,11.53
00-0038559,Michael Wilson,0,11.46
00-0039916,Ricky Pearsall,0,11.07
00-0037664,Alec Pierce,0,11.04
00-0031408,Mike Evans,0,10.92
00-0031588,Stefon Diggs,0,10.87
00-0035659,Terry McLaurin,0,10.83
00-0030279,Keenan Allen,0,10.72
00-0039893,Brian Thomas Jr.,0,10.72
00-0039915,Ladd McConkey,0,10.69
00-0039849,Marvin Harrison Jr.,0,10.65
00-0040718,Travis Hunter,0,10.54
00-0034960,Jakobi Meyers,0,10.25
00-0036252,Michael Pittman,0,9.74
00-0037261,Khalil Shakir,0,9.72
00-0039868,Troy Franklin,0,9.67
00-0038994,Jordan Addison,0,9.62
00-0035719,Deebo Samuel Sr.,0,9.58
00-0040735,Luther Burden III,0,9.51
00-0039146,Jayden Reed,0,9.39
00-0038606,Parker Washington,0,8.92
00-0038563,Tre Tucker,0,8.6
00-0039855,Jalen McMillan,0,8.49
00-0036259,Jauan Jennings,0,8.48
00-0034837,Calvin Ridley,0,8.37
00-0035662,Marquise Brown,0,8.3
,Anthony Smith,1,8.29
00-0039894,Xavier Worthy,0,8.22
00-0037816,Romeo Doubs,0,8.09
00-0034827,DJ Moore,0,7.79
00-0040311,Theo Wease Jr.,0,7.75
00-0037545,Rashid Shaheed,0,7.57
00-0033921,Chris Godwin Jr.,0,7.56
00-0033307,Kendrick Bourne,0,7.48
00-0038608,Kayshon Boutte,0,7.24
00-0040667,Matthew Golden,0,7.2
00-0039901,Keon Coleman,0,7.17
00-0033555,Mack Hollins,0,7.12
00-0033908,Cooper Kupp,0,7.09
00-0036407,Jerry Jeudy,0,6.98
00-0032385,Sterling Shepard,0,6.8
00-0035535,Darius Slayton,0,6.75
00-0040130,Jayden Higgins,0,6.7
00-0038104,Tyquan Thornton,0,6.65
00-0038997,Josh Downs,0,6.61
00-0039890,Adonai Mitchell,0,6.6
00-0036415,Van Jefferson,0,6.54
00-0033891,Zay Jones,0,6.49
00-0040170,Elic Ayomanor,0,6.37
00-0038728,Jared Wayne,0,6.3
00-0036196,Gabe Davis,0,6.3
00-0040705,Chimere Dike,0,6.29
00-0040134,Pat Bryant,0,6.28
00-0036626,Dyami Brown,0,6.21
00-0035406,Lil'Jordan Humphrey,0,6.15
00-0031236,Brandin Cooks,0,6.15
00-0040237,Tez Johnson,0,6.12
00-0037614,John Metchie III,0,6.11
00-0038979,Cedric Tillman,0,6.11
00-0036988,Josh Palmer,0,6.11
00-0040727,Tre Harris,0,6.1
00-0039355,Luke McCaffrey,0,6.03
00-0038393,Dontayvion Wicks,0,6.02
00-0040648,Tory Horton,0,5.95
00-0034775,Christian Kirk,0,5.87
00-0036309,Darnell Mooney,0,5.86
00-0037837,Calvin Austin III,0,5.86
,Eugene Wilson,1,5.84
00-0039410,Ryan Flournoy,0,5.84
00-0038621,DeMario Douglas,0,5.83
00-0039424,Devaughn Vele,0,5.76
00-0038619,Andrei Iosivas,0,5.74
00-0033943,Josh Reynolds,0,5.74
00-0038976,Marvin Mims Jr.,0,5.73
00-0038618,Xavier Hutchinson,0,5.71
00-0035208,Olamide Zaccheaus,0,5.68
00-0040669,Isaac TeSlaa,0,5.67
00-0039342,Xavier Legette,0,5.64
00-0033857,JuJu Smith-Schuster,0,5.59
00-0036550,Rashod Bateman,0,5.52
00-0030564,DeAndre Hopkins,0,5.52
00-0037291,Jalen Nailor,0,5.52
00-0037742,Treylon Burks,0,5.38
00-0033282,Curtis Samuel,0,5.35
00-0037231,Kevin Austin Jr.,0,5.35
00-0040317,Jacoby Jones,0,5.35
00-0039491,Jalen Coker,0,5.32
00-0036849,Tutu Atwell,0,5.27
00-0036427,Tyler Johnson,0,5.24
00-0032775,Demarcus Robinson,0,5.22
00-0040138,Jaylin Noel,0,5.21
00-0037741,Jahan Dotson,0,5.13
00-0032398,Chris Moore,0,5.08
00-0033591,Noah Brown,0,5.07
00-0040729,Jack Bech,0,5.01
00-0040782,Isaiah Bond,0,4.98
00-0037801,KaVontae Turpin,0,4.95
00-0036165,Isaiah Hodgins,0,4.95
00-0039880,Malik Washington,0,4.94
00-0034860,Dante Pettis,0,4.92
00-0032211,Tyler Lockett,0,4.91
00-0036980,Elijah Moore,0,4.86
00-0040522,Xavier Restrepo,0,4.85
00-0039739,Roman Wilson,0,4.82
00-0039792,Devontez Walker,0,4.78
,Jared Richardson,1,4.74
,Treyvhon Saunders,1,4.73
00-0038679,Tyrell Shavers,0,4.72
,Skyler Bell,1,4.68
00-0040581,Dont'e Thornton Jr.,0,4.67
00-0037666,Jalen Tolbert,0,4.65
00-0034983,Hunter Renfrow,0,4.65
,Eric Richardson,1,4.64
,Eric McAlister,1,4.61
,Danny Scudero,1,4.61
00-0039751,Jordan Whittington,0,4.55
00-0034272,Marquez Valdes-Scantling,0,4.53
00-0035500,Greg Dortch,0,4.53
00-0038891,Shedrick Jackson,0,4.53
,Jack Reynolds,1,4.52
00-0040388,Jakobie Keeney-James,0,4.51
,Jackson Harris,1,4.5
00-0038647,Ronnie Bell,0,4.5
00-0039451,Isaiah Williams,0,4.49
00-0040172,Jordan Watkins,0,4.46
,Nico Brown,1,4.45
,Jalen Jones,1,4.43
,Wyatt Rogers,1,4.43
00-0032464,Kalif Raymond,0,4.43
00-0035298,Scott Miller,0,4.41
00-0039379,Jamari Thrash,0,4.41
00-0039394,Casey Washington,0,4.38
00-0040218,Jimmy Horn Jr.,0,4.38
00-0034407,Ray-Ray McCloud,0,4.37
,John Anthony,1,4.36
,Ian Scott,1,4.36
,Wyatt Young,1,4.35
00-0040131,Kyle Williams,0,4.31
00-0036133,James Proche,0,4.29
,Suderian Harrison,1,4.27
,Chris Parker,1,4.26
,Tyler Pezza,1,4.26
,Justin Olson,1,4.26
,Jihad Marks,1,4.25
,Marquis Buchanan,1,4.25
,Michael Briscoe,1,4.24
,Rashawn Cunningham,1,4.24
,Randall King,1,4.24
,Jaylon Domingeaux,1,4.24
,Reed Swanson,1,4.23
,Nathan Leacock,1,4.23
,Jon McCall,1,4.23
,Camden Brown,1,4.23
,Shelton Sampson Jr.,1,4.22
,Cole Weaver,1,4.22
,Brady Blackburn,1,4.22
,Azariah Fletcher,1,4.22
,Trond Grizzell,1,4.22
,Deondre Johnson,1,4.22
,La'Vontae Shenault,1,4.22
,Isaiah Myers,1,4.21
,Kalvin Gilbert,1,4.21
,Omari Hopkins,1,4.21
,BJ Fleming,1,4.21
,Davion Dozier,1,4.21
,Demari Davis,1,4.2
,Chauncey Spikes,1,4.2
,Kevin Boone,1,4.2
,Christian Moss,1,4.2
,Riley Purcell,1,4.2
,Marcel Williams,1,4.2
,Davion Chandler,1,4.2
,Cincere Gill,1,4.2
,Hakeem Meggett,1,4.19
,Tiger Bachmeier,1,4.19
,Denzel Boston,1,4.19
,Matheson Bossick,1,4.18
,Devin Ellison,1,4.18
,Jordyn Bailey,1,4.18
,Mason Shipp,1,4.18
,Jeremiah Koger,1,4.18
,Adonis Moise,1,4.18
,Taliq Brown,1,4.18
,Matthew McCallister,1,4.18
,Nick Bierman,1,4.18
,Blake Bohannon,1,4.17
,Tanner Harrison,1,4.17
,Jeremiah Harrison,1,4.16
,Grayson O'Bara,1,4.16
,Rylan Davison,1,4.16
,Jaden Bray,1,4.16
,Fidel Tau Pitts,1,4.16
,Nic Trujillo,1,4.16
,Jonah Dawson,1,4.16
,Rashad Rochelle,1,4.16
,Jalen Grable,1,4.16
,Traveion Slaughter,1,4.16
,Owen Sweeney,1,4.15
,Dale Martin,1,4.15
,Elijah Sarratt,1,4.15
,Ted Hurst,1,4.15
,Ryan Matulevich,1,4.15
,Sean Brown,1,4.15
,Omari Hayes,1,4.15
,Wondame Davis Jr.,1,4.15
,Joshua Jackson,1,4.15
,Matt Fogler,1,4.15
,Drew Carlson,1,4.14
,Ethan Harris,1,4.14
,Trayjen Llanas-Wilcox,1,4.14
,Jaceon Doss,1,4.14
,Jack Betten,1,4.14
,Jaden Barnes,1,4.14
,Jaden Gibson,1,4.14
,Shemar Kirk,1,4.14
,Eric Slater,1,4.14
,Malachi Henry,1,4.14
,Alex Perry,1,4.14
,Daveon Walker,1,4.14
,Makai Lovett,1,4.14
,Junior Vandeross,1,4.14
,Keshaun Singleton,1,4.14
,Chance Morrow,1,4.13
,Mason Humphrey,1,4.13
,Tyrell Pollard,1,4.13
,Tyson Schilling,1,4.13
,Noah Thomas,1,4.13
,Trevon West,1,4.13
,Chase Sowell,1,4.13
,JP Coulter,1,4.13
,Terry Lockett,1,4.13
,Leland Smith,1,4.13
,Colbie Young,1,4.13
,Chris Brazzell II,1,4.13
,Landon Ellis,1,4.12
,Jordan Dwyer,1,4.12
,Tristin Duncan,1,4.12
,Shaleak Knotts,1,4.12
,Jayvonne Dillard,1,4.12
,Cam Vaughn,1,4.12
,Jordyn Tyson,1,4.12
,Adrian Norton,1,4.12
,Chris Marshall,1,4.12
,Ryan Upp,1,4.12
,Jaedn Skeete,1,4.12
,Jamai East,1,4.11
,Ja'Cory Thomas,1,4.11
,Tre' Brown III,1,4.11
,Mark Bails,1,4.11
,Chase Roberts,1,4.11
,Travion Solomon,1,4.11
,Omarion Miller,1,4.11
,Donovan Faupel,1,4.11
,Marcus Sanders Jr.,1,4.11
,Donavon Greene,1,4.11
,C.J. Daniels,1,4.11
,Chas Nimrod,1,4.11
,Brody Reina,1,4.11
,Ashton Hollins,1,4.11
,Roriyon Richardson,1,4.11
,Jake McConnachie,1,4.11
,Chris Dawn Jr.,1,4.11
,Troy Omeire,1,4.1
,Chase Hendricks,1,4.1
,Kamron Bibby,1,4.1
,Charlie Becker,1,4.1
,Payton Rhoades,1,4.1
,Shane Carr,1,4.1
,Jalen Cooper,1,4.1
,Terrell Anderson,1,4.1
,Jelani Watkins,1,4.1
,Miles Williams,1,4.1
00-0039920,Malachi Corley,0,4.1
,Landyn James,1,4.1
,Mason Kuehner,1,4.1
,Deven Thompson,1,4.1
,Chauncy Cobb,1,4.1
,Vandrevious Jacobs,1,4.1
,Kory Pettigrew,1,4.1
,Trevor Foley,1,4.09
,Parker Jones,1,4.09
,Justus Ross-Simmons,1,4.09
,Yannick Smith,1,4.09
,Sawyer Racanelli,1,4.09
,Monte Gillman,1,4.09
,Squirrel White,1,4.09
,Lucas Desjardins,1,4.09
,Cortez Braham,1,4.09
,Brock Montgomery,1,4.09
,Brock Biestek,1,4.09
,Daniel Haughton,1,4.09
,Kody Finley,1,4.09
,Caleb Douglas,1,4.09
,Gavin Nelson,1,4.09
,Sean Wilson,1,4.09
,KJ Duff,1,4.09
,T.J. Lockley,1,4.08
,Ivan Hoyt,1,4.08
,Adjatay Dabbs,1,4.08
,Isaiah Robinson,1,4.08
,Jyron Waiters,1,4.08
,Nick DeGennaro,1,4.08
,Michael Phoenix II,1,4.08
,Cam Edwards,1,4.08
,Jeremy Bell,1,4.08
,Jojo Phillips,1,4.08
,Trenton Swanson,1,4.08
,Dom Dorwart,1,4.08
,Marquis Willis,1,4.08
,Dominic Oliver,1,4.08
,Garrett Mmahat,1,4.08
,Kobe Paysour,1,4.08
,Tyler Evans,1,4.08
,Chris Bell,1,4.08
,Kamryn Perry,1,4.08
,Tate Nagy,1,4.08
,Austin Hill,1,4.08
,Jaedon Wilson,1,4.08
,Christian Fitzpatrick,1,4.08
,Fabian Báez,1,4.08
,Frank Covey IV,1,4.08
,Ashtyn Hawkins,1,4.08
,Ben Ford,1,4.07
,Michael Nesbit,1,4.07
,Carl Chester,1,4.07
,Carlyun Neal,1,4.07
,Jeremy Scott,1,4.07
,Kyri Shoels,1,4.07
,Tanaka Scott,1,4.07
,Robert Young,1,4.07
,Caleb Borders,1,4.07
,Reed Harris,1,4.07
,Jayce Freeman,1,4.07
,Parker Livingstone,1,4.07
,Bryce Lance,1,4.07
,Donte Lee Jr,1,4.07
,Andre Cooper II,1,4.07
,Titus Evans,1,4.07
,Camauri Simmons,1,4.06
,Nicholas Bookman,1,4.06
,Rodney Harris II,1,4.06
,Liam Clifford,1,4.06
,Michael Buckley,1,4.06
,Josh Smith,1,4.06
,Trent Walker,1,4.06
,Joanes Fortilien,1,4.06
,Brett Eskildsen,1,4.06
,Luke Wooten,1,4.06
,Christian Pitts,1,4.06
,Christian Hamilton,1,4.06
,Chris Rhone,1,4.06
,Josh Meredith,1,4.06
,Josh Heverly,1,4.06
,Ashton Bethel-Roman,1,4.06
,Isaiah Fuhrmann,1,4.06
,Zackary Drawdy,1,4.06
,Nigel Johnson,1,4.06
,Xavier Bowman,1,4.06
,Nathaniel Joseph,1,4.06
,Noah Robinson,1,4.06
,Marvin Session,1,4.05
,Na'eem Abdul-Rahim Gladding,1,4.05
,Tra Neal,1,4.05
,Tyson Edwards,1,4.05
,Fabian Mccray,1,4.05
,Luke Mailander,1,4.05
,Josh Cameron,1,4.05
,Nick Devereaux,1,4.05
,Thomas Lee,1,4.05
,Amaaz Eugene,1,4.04
,Emmett Mosley V,1,4.04
,J.J. Evans,1,4.04
,James Tyre,1,4.04
,Ja'Ryan Wallace,1,4.04
,Terrill Davis,1,4.04
,Ayden Greene,1,4.04
,Xavier Gaillardetz,1,4.04
,Rickey Taylor Jr.,1,4.04
,Tysen Kershaw,1,4.04
,Kylen Austin,1,4.04
00-0034419,Braxton Berrios,0,4.04
,Chase Wilson,1,4.04
,Randy Reece,1,4.04
,Jordan Dees,1,4.04
,Dominic Vrbancic,1,4.04
,Clayton Wayland,1,4.03
,Daejon Reynolds,1,4.03
,Dalton Stroman,1,4.03
,Braydon Black,1,4.03
,Andre Craig Jr.,1,4.03
,Leo Scheidler,1,4.03
,Cameron Miller,1,4.03
,Caydon Coffman,1,4.03
,Mekhi Fox,1,4.03
,Josh Williams,1,4.03
,Chris Lofton,1,4.03
,Timothy Conerly,1,4.03
,Baron Tipton,1,4.03
,Ryan Tattersall,1,4.03
,Lavon Brown,1,4.03
,Shazz Preston,1,4.03
,Troy Worrell,1,4.03
,Pofele Ashlock,1,4.03
,Tsion Nunnally,1,4.03
,Trynyty Conway,1,4.03
,Miles Thomas,1,4.03
,Isaac Koch,1,4.03
,Bryant Wesco Jr.,1,4.03
,Tony Johnson,1,4.03
,Jade Kneeland,1,4.03
,Aboraa Kwarteng,1,4.03
,Chris Reed,1,4.03
,Drew Krobath,1,4.03
,De'Zhaun Stribling,1,4.03
,Laquan Veney,1,4.03
,Joe Crifasi,1,4.03
,Mehki Wall,1,4.02
,Justin Perry,1,4.02
,Caleb Goodie,1,4.02
,Cole Monach,1,4.02
,Zion Kearney,1,4.02
,Corey Smith,1,4.02
,Coy Eakin,1,4.02
,Cooper Barkate,1,4.02
,Cam Abshire,1,4.02
,Brenen Thompson,1,4.02
,TJ Hamilton,1,4.02
,Ja'kheo Mitchell,1,4.02
,Cayden Lee,1,4.02
,Lynel Billups-Williams,1,4.02
,Hayden Eligon Ii,1,4.02
,Jaylen Sargent,1,4.02
,Marcello Bussey,1,4.02
,Censere Lee,1,4.02
,Landon Collins,1,4.02
,DeAndre Moore Jr.,1,4.02
,Luke Hensley,1,4.02
,Beckett Robinson,1,4.02
,Josh Evans,1,4.02
,Josh Robinson,1,4.02
,Daniel Sobkowicz,1,4.02
00-0038359,Xavier Smith,0,4.02
,Javarius Green,1,4.02
,Winn Sharp,1,4.02
,Dalton Bailey,1,4.02
,Nahzae Cox,1,4.02
,Chedon James,1,4.02
,Franck Pierre,1,4.02
,Duce Robinson,1,4.02
,Dane Key,1,4.02
00-0039884,Tahj Washington,0,4.02
,Nitro Tuggle,1,4.02
,Nathan Stewart,1,4.02
,Branden Alvarez,1,4.02
,Marquis Johnson,1,4.02
,Armand Burris,1,4.01
,Ja'Keith Hamilton,1,4.01
,Keshon Singleton,1,4.01
,Kenric Lanier II,1,4.01
,Jayden West,1,4.01
,Gabe Nunez,1,4.01
,Chaney Fitzgerald,1,4.01
,Cameron Dorner,1,4.01
,Donnie Cheers,1,4.01
,Bradyn Anderson,1,4.01
,Jaiven Plummer,1,4.01
,Aidan Stephens,1,4.01
,Jabari Smith,1,4.01
,Ethen Cluff,1,4.01
,DT Sheffield,1,4.01
,Sam Phillips,1,4.01
,Jordan Kelley,1,4.01
,E. Jai Mason,1,4.01
,Iverson Hooks,1,4.0
,Brigham Dunphy,1,4.0
,Maury Sullivan,1,4.0
,Makai Cope,1,4.0
,Elijah Burress,1,4.0
,Malachi Fields,1,4.0
,Eli Wood,1,4.0
,Jaron Tibbs,1,4.0
,Jose Leon,1,4.0
,Davis Bryson,1,4.0
,Chris Harris,1,4.0
,Dominic Kibby,1,4.0
,Peyton Kramer,1,4.0
,Geoffrey Jamiel,1,4.0
,Cal Zimmerman,1,4.0
,Jaxton Santiago,1,4.0
,Daniel Blood,1,4.0
,Luke Watkins,1,4.0
,Logan Booher,1,4.0
,Bisi Owens,1,4.0
,Zach Williams,1,4.0
,Alred Luke,1,4.0
,Aric Johnson,1,4.0
,Ja'Kobi Lane,1,4.0
,TJ Lott,1,4.0
,Ja'Vion Griffin,1,3.99
,Justice Williams,1,3.99
,Braden Reed,1,3.99
,Talyn Taylor,1,3.99
,Jamaal Levi,1,3.99
,Tawaski Abrams,1,3.99
,Jamari Person,1,3.99
,Israel Polk,1,3.99
,Amonte Jones,1,3.99
,Jai Boyd,1,3.99
,Nick Lemon,1,3.99
,Jarvis Jones,1,3.99
,Robert Williams,1,3.99
,Nik McMillan,1,3.99
,Landon Bell,1,3.99
,Jean Louis III,1,3.99
,Jobe Bryant,1,3.99
,Isaiah Hardge,1,3.99
,Jeremiah Aaron,1,3.98
,Rodney Bullard Jr.,1,3.98
,Makhi Paris,1,3.98
,Jack Freeburg,1,3.98
,CJ Wiley,1,3.98
,Ian Strong,1,3.98
,Devin Voisin,1,3.98
,Malik McClain,1,3.98
,Jalen Smith,1,3.98
,Caden Burti,1,3.98
,Finn Hogan,1,3.98
,Omar Cooper Jr.,1,3.98
,Bryson Burns,1,3.98
,Jakolbe Baldwin,1,3.97
,CJ Williams,1,3.97
,Daijon Calimon,1,3.97
,Snap Reed,1,3.97
,Cataurus Hicks,1,3.97
,Zion Griffin,1,3.97
,Jalen Moss,1,3.97
00-0037524,Tay Martin,0,3.97
,Dean Boyd,1,3.97
,Carver Cheeks,1,3.97
,Andrez Lewis,1,3.97
,Kwazi Gilmer,1,3.97
,Parker Woodring,1,3.97
,Jeremiah Smith,1,3.97
,Rashid Williams,1,3.97
,Quentin Cobb-Butler,1,3.97
,Barry Tate,1,3.97
,Mekhi Anderson,1,3.97
,Baylin Brooks,1,3.97
,Joseph Williams,1,3.97
,Nate Floyd,1,3.97
,Rico Bond,1,3.97
,Aidan Besselman,1,3.96
,Shamar Garrett,1,3.96
,Braylen Walker,1,3.96
00-0030035,Adam Thielen,0,3.96
,Jaden Scott,1,3.96
,Karsyn Pupunu,1,3.96
,Kam Robinson,1,3.96
,Jaden Greathouse,1,3.96
00-0038465,Malik Heath,0,3.96
,Chris Hicks,1,3.96
,Kemani Brown,1,3.96
,Charley Rossi,1,3.96
,Keron Milton,1,3.96
,Paul Odidi,1,3.96
,Michael Pettway,1,3.96
,Devin Gandy,1,3.96
,Porter Rooks,1,3.96
,Tank Boston,1,3.96
,Tyler Griffin,1,3.95
,Devonte Ross,1,3.95
,Davon Kiser,1,3.95
,Larenzo Fenner,1,3.95
,Dashawn Martin,1,3.95
,Jordan Rae,1,3.95
,DJ Maultsby,1,3.95
,Kezion Dia-Johnson,1,3.95
,Andrerw Frazier,1,3.95
,Malik Elzy,1,3.95
,Kenyon Massey,1,3.95
,Ethan Dowdy,1,3.95
,Justin Bowick,1,3.95
,Emanuel Ross,1,3.95
,Alex Haight,1,3.95
,Cole Boscia,1,3.95
,Kylon Harris,1,3.95
,Noah Jennings,1,3.95
,Madrid Tucker,1,3.95
00-0033375,Tim Patrick,0,3.95
,Max Rodarte,1,3.95
,Carson Persing,1,3.95
,Brayden Munroe,1,3.94
,Tamarcus Gray Jr.,1,3.94
,Antonio Meeks,1,3.94
,Corri Milliner,1,3.94
,Nolan Ulm,1,3.94
,Kenaz McMillian,1,3.94
,Carson Brown,1,3.94
,Cameron Hergott,1,3.94
,Kristen Hoskins,1,3.94
,Mudia Reuben,1,3.94
,Nick Tyree,1,3.94
,Zhaiel Smith,1,3.94
,Leo Blackburn,1,3.94
,Jay Melchiori,1,3.94
,Jordan Brown,1,3.94
,Spencer Jones,1,3.94
,Trell Harris,1,3.94
,Emmanuel Dyson,1,3.93
,Nate Johnson,1,3.93
,Chinua Ezeigbo,1,3.93
,John Neider,1,3.93
,Darrell Gill Jr.,1,3.93
,Kajiya Hollawayne,1,3.93
,Jaden Robinson,1,3.93
,Malik Benson,1,3.93
00-0034386,Justin Watson,0,3.93
,Ashton Nickelberry,1,3.93
,Caleb Burke,1,3.93
,Joshua Derry,1,3.93
,Yosei Takahashi,1,3.93
,Landon Sides,1,3.93
,Carson Jenkins,1,3.93
,Ricky Gonzalez II,1,3.93
,Ricky Ahumaraeze,1,3.93
,Dylan Gentry,1,3.93
,Derek Burrell,1,3.92
,Cooper Rusk,1,3.92
,Tommy Winton III,1,3.92
,Braylon Harmon,1,3.92
,Calvin Parker,1,3.92
,Za'Ron Collins,1,3.92
,Chet Yardley,1,3.92
,Moussa Barry,1,3.92
,Christian Leary,1,3.92
,Ryan Davis,1,3.92
,Kam'ryn Thomas,1,3.92
,Roy Alexander,1,3.92
,Zion Taylor,1,3.92
,Braylon Staley,1,3.91
,Jayden Dixon-Veal,1,3.91
,Jordan Anderson,1,3.91
,Jay Rockwell,1,3.91
,Harrison Wallace III,1,3.91
,Nyziah Hunter,1,3.91
,J'Kalon Carter,1,3.91
,Ty Harding,1,3.91
,Christian Jourdain,1,3.91
,Maleek Huggins,1,3.91
,Brenden Hodge,1,3.91
,Ben Black,1,3.91
,Grahm Goering,1,3.91
,Luke Colella,1,3.91
,Tay Norman,1,3.91
,Qua'Vez Humphreys,1,3.9
,Lukkas Londono,1,3.9
,Beau Bankston,1,3.9
,Arlie Lee,1,3.9
,Rylan Crawford,1,3.9
,Navelle Dean,1,3.9
,Jacob De Jesus,1,3.9
,Jahmal Edrine,1,3.9
,Bricen Brantley,1,3.9
,Luke Jones,1,3.9
,Larry Stephens,1,3.9
,LJ Walker,1,3.9
,Joseph Kennerly,1,3.9
,Price Morgan,1,3.9
,Rafferty McSweeney,1,3.9
00-0038938,Jalin Hyatt,0,3.9
,Kobe Paul,1,3.89
,Marcus Striggles,1,3.89
,Keith Wheeler,1,3.89
,Aaron Anderson,1,3.89
,Kelby Valsin,1,3.89
,Chris Hunter,1,3.89
,Cyrus Ellison,1,3.89
,Lawayne McCoy,1,3.89
00-0038840,Brycen Tremayne,0,3.89
,Jalen Johnson,1,3.89
,Lucas Kopecky,1,3.89
,Thomas Blackshear,1,3.89
,Carlos Hernandez,1,3.89
,DeAngelo Irvin Jr.,1,3.89
,Devin Matthews,1,3.89
,Deuce Oliver,1,3.89
,Phillippe Wesley,1,3.89
,Donovan Olugbode,1,3.89
,RJ Lamarre,1,3.89
,Richard Perkins Jr.,1,3.89
,Joseph Manjack,1,3.88
,DJ Black,1,3.88
,Jeff Caldwell,1,3.88
,Isiah Canion,1,3.88
,Cam Coleman,1,3.88
,Javon Brown,1,3.88
,Jason Woods,1,3.88
,Wesley Grimes,1,3.88
,Kedarius Wade,1,3.88
,Jackson Holman,1,3.88
,Carnell Tate,1,3.88
,D'Avery Robinson,1,3.88
,Collin Dixon,1,3.88
,Eddie Freauff,1,3.88
,James Roberson,1,3.88
,Cooper Willman,1,3.88
,Tony Freeman,1,3.88
,Neico Sandifer,1,3.88
,Anthony Taylor,1,3.88
,Myles Wilson,1,3.88
,Myles Butler,1,3.88
,Sean Brady,1,3.88
,Kelby Williams,1,3.88
,Jackson Voth,1,3.88
,Jeremiah Thomas,1,3.88
,Sam Jackson,1,3.88
,Roger Walters,1,3.87
,Jacob Bostick,1,3.87
,Lincoln Fisher,1,3.87
,Jaden Fair,1,3.87
,Mavin Anderson,1,3.87
,Fidel Pitts,1,3.87
,Malick Meiga,1,3.87
,Ryan Manning,1,3.87
,Ryder Treadway,1,3.87
,CJ Nelson,1,3.87
,Elijah Taylor,1,3.87
,Nazeviah Burris,1,3.87
,Tristian Gardner,1,3.87
,Treyshun Hurry,1,3.87
,Luke McLaughlin,1,3.87
,Dawson Menegatti,1,3.87
,Jordan Chambers-Smith,1,3.87
,Jordan Faison,1,3.87
,Deng Deng,1,3.87
,Ralee Stephens,1,3.87
,Blaze Kamoku,1,3.86
,Deverious Abercrombie,1,3.86
,O'Mega Blake,1,3.86
,Deion DeBlanc,1,3.86
,Jessie Campbell,1,3.86
,Que'Sean Brown,1,3.86
,Rahmon Hart Jr.,1,3.86
,Ajai Harrell,1,3.86
,Deion Burks,1,3.86
,Jonathan Lawson,1,3.86
,Donovan Brown,1,3.86
,Jackson Harper,1,3.86
,Marques Singleton Jr.,1,3.86
,Luke Rives,1,3.86
,Evan McCray,1,3.86
00-0040024,Darius Cooper,0,3.86
,Amorion Walker,1,3.86
,BJ Alexander,1,3.86
,Tim Grear Jr.,1,3.86
,Landon Strother,1,3.86
,Tommy Maher,1,3.86
,Jermaine Johnson Jr.,1,3.86
,Bradley Schlom,1,3.85
,Reese Smith,1,3.85
,Deuce Spann,1,3.85
,Tristen Riley,1,3.85
,Peyton Nelson,1,3.85
,Nyck Harbor,1,3.85
,Joseph Johnson,1,3.85
,Jon Montiero,1,3.85
,Javon Gipson,1,3.85
,Jaxon Branch,1,3.85
,Donaven McCulley,1,3.85
,Dakota Thomas,1,3.85
,Eddie Kasper,1,3.85
,Zachary Card,1,3.85
,Cody Hagen,1,3.85
,Ky'Dric Fisher,1,3.85
,Sam Peiffer,1,3.85
00-0036959,Michael Bandy,0,3.85
,Malik Phillips,1,3.85
,Tarell Short Jr.,1,3.85
,Makai Lemon,1,3.85
,Harold Mack,1,3.84
,Barron Miles Jr.,1,3.84
,Jayden Moore,1,3.84
,Isaiah Scott,1,3.84
,Taron Biles-Walker,1,3.84
,J.B. Mitchell,1,3.84
,Greg Gaines III,1,3.84
,Devion Newson,1,3.84
,Ernest Campbell,1,3.84
,Tyrone Wilson,1,3.84
,BJ Wuest,1,3.84
,Brady Kluse,1,3.84
,Jayvan Boggs,1,3.83
,Ben Moseley,1,3.83
,Michael Rossin,1,3.83
,Tre Shackelford,1,3.83
,Kayleb Barnett,1,3.83
,Rico Flores,1,3.83
,DJ Riles,1,3.83
,Michael Jackson III,1,3.83
,Michael Graves,1,3.83
,Pierce McCrary,1,3.83
,Phaizon Wilson,1,3.83
,Breylin Smith,1,3.83
,Trenton Chaney,1,3.83
,Keenan Jackson,1,3.83
,Jahmari Powell-Wonson,1,3.83
,Todd Phillips,1,3.83
,Paul Kuhner,1,3.83
,Mason York,1,3.83
,Luke Besh,1,3.83
,Kendall Harris,1,3.82
,Creed Whittemore,1,3.82
,Tucker Holloway,1,3.82
,Deuce McMillan,1,3.82
,Solomon Lewis,1,3.82
,Grayson Tempest,1,3.82
,Nodin Tracy,1,3.82
,Elijah Steward,1,3.82
,Asaad Waseem,1,3.82
,Chris Culliver,1,3.82
,CJ Johnson II,1,3.82
,James BlackStrain,1,3.82
,Peyton Higgins,1,3.82
,Audric Harris,1,3.82
,Chris Colby,1,3.82
,Daveon Superales,1,3.82
,Brendan Jenkins,1,3.82
,Jalen Wright,1,3.82
,Max Ware,1,3.82
,Myles Cox,1,3.82
,Anson Kraut,1,3.82
,Kobe Prentice,1,3.82
,Roman Laurio,1,3.82
,Charlie Coenen,1,3.82
,Ronan Johannson,1,3.81
,Cameron Wright,1,3.81
,Dominic Overby,1,3.81
,Louis Brown,1,3.81
,Bronson England,1,3.81
,AJ Jones,1,3.81
,Isaiah Alston,1,3.81
,Omarion Blakes,1,3.81
,Bryson Rodgers,1,3.81
,Xayvion Noland,1,3.81
,Damien Jones,1,3.81
,Kentrell Prejean,1,3.81
,JJ Hudson,1,3.81
,JaVonnie Gibson,1,3.81
,Isaiah Mizell,1,3.81
,Tristan Goodly,1,3.81
,Taylor Bradshaw,1,3.81
,Eugene Hilton Jr.,1,3.81
,Dallas Wilson,1,3.81
,Myseth Currie,1,3.81
,Micah Mays Jr.,1,3.81
,Ross Fournet,1,3.81
,Brian Thomas,1,3.81
,Jayden Ballard,1,3.8
,Casey McKinney,1,3.8
,Destyn Hill,1,3.8
,Keynan Richardson-Cook,1,3.8
,Deyandre Ruffin,1,3.8
,Jermane Hayes,1,3.8
,Jerand Bradley,1,3.8
,Ty Robinson,1,3.8
,AJ Bosch,1,3.8
,Jasiah Barron,1,3.8
,Taz Williams Jr.,1,3.8
,Kaleb Webb,1,3.8
,Josh Fillion,1,3.8
,Xavion Butler,1,3.8
,Keith Jones,1,3.8
00-0035359,David Sills,0,3.8
,Jamari Hawkins,1,3.8
,Karmello English,1,3.8
,Daniel Batch,1,3.8
,Ephraim Floyd,1,3.8
,Mason Dossett,1,3.8
,Larry Simmons,1,3.8
,Anthony Westervelt,1,3.8
,Zycarl Lewis Jr.,1,3.8
,Makai Jackson,1,3.8
,Abijah Webb,1,3.8
,Nick Delgadillo,1,3.79
,Hut Graham,1,3.79
,Tae Marrero Jr.,1,3.79
,Owen Dupree,1,3.79
,Bryan Domino,1,3.79
,Max Patterson,1,3.79
,Jaden Bradley,1,3.79
,Emmanuel Henderson Jr.,1,3.79
,Brandon Buckhaulter,1,3.79
,E.J. Williams,1,3.79
,Reed Shumpert,1,3.79
,Raphael Williams,1,3.79
,Gamarion Carter,1,3.79
,Mark Hamper,1,3.79
,Yamir Knight,1,3.79
,Joshua Nieves,1,3.79
,Joshua Moore,1,3.79
,Devin Downing,1,3.79
,Jack Fairchild,1,3.79
,Giovanni Adopte,1,3.79
,Donovan Hamilton,1,3.79
,Dallas Elliott,1,3.79
,Ryan Jezioro,1,3.79
,Nathan Rembert,1,3.78
,Jonathan Brady,1,3.78
,Arhmad Branch,1,3.78
,Mike Matthews,1,3.78
,Perry Thompson,1,3.78
,DeAirious Smith,1,3.78
,Tyson Thompson,1,3.78
,Michael Fitzgerald,1,3.78
,Joseph Young,1,3.78
,Chase Penry,1,3.78
,Tyran Warren,1,3.78
,Caden Dennis,1,3.78
,Jayden Boyd,1,3.78
,Jayshon Platt,1,3.78
,Lonnie Adkism,1,3.78
,Shamar Porter,1,3.78
,Jackson Crosby,1,3.78
,Nicholas Sowell,1,3.78
,Jackson Delaney,1,3.78
,Tayte Vanderleest,1,3.78
,Scott Woods II,1,3.78
,Noah Gregg,1,3.78
,Lyndon Ravare,1,3.78
,Daniel Thomason,1,3.78
,Terry Bussey,1,3.78
,Jordan Jackson,1,3.78
,Quinn Clark,1,3.78
,Aidan Mizell,1,3.78
,Keontez Lewis,1,3.78
,Matthew Scerbo,1,3.77
,Matt D'Avino,1,3.77
,Aiden Meeks,1,3.77
,Hunter Summers,1,3.77
,David Hamilton,1,3.77
,Bryce Bohanon,1,3.77
,Braylon Finney,1,3.77
,Dacari Collins,1,3.77
,Devin Ford,1,3.77
,KK Smith,1,3.77
,Levi Wentz,1,3.77
,Terrell Timmons Jr.,1,3.77
,Jackson Wasserstrom,1,3.77
,Torrey Ward,1,3.77
,Malik Cooper,1,3.77
,Gabe Daniels,1,3.77
,Jamarien Wheeler,1,3.77
,Devin Yeats,1,3.77
,Noah Rogers,1,3.77
,Javian Hester,1,3.77
,Jacob Gill,1,3.76
,Zaden Jackson,1,3.76
,Kory Hall,1,3.76
,Paul Marsh,1,3.76
,Mike Solomon,1,3.76
,Chance Miller,1,3.76
,Jaylan Sanchez,1,3.76
,Nicholas Laboy,1,3.76
,Ben Prosper,1,3.76
,Latrell Caples,1,3.76
,Dequan Stanley,1,3.76
,Mekhi Miller,1,3.76
,Teagan Brown,1,3.76
,T'iar Young,1,3.75
,Nasir Williams,1,3.75
,Matt Jeffery,1,3.75
,Jake Thaw,1,3.75
,TJ Johnson,1,3.75
,Eric Holley,1,3.75
,Shawn Hardy,1,3.75
,Marcus Brown,1,3.75
,Bryson Jones,1,3.75
,Korbin Hendrix,1,3.75
,Roman Mothershed,1,3.75
,Michael Thomas III,1,3.75
,Dawson Pough,1,3.75
,Jameel Gardner Jr.,1,3.75
,Cade Osterman,1,3.75
,Graham Friedrichsen,1,3.74
,Dillon Lorick,1,3.74
,Montez Green,1,3.74
,Shaun Purvy,1,3.74
,Curtis Deville Jr.,1,3.74
,Tavahri Groves,1,3.74
,John Dunmore,1,3.74
,Charly Mullaly,1,3.74
,Micah Hudson,1,3.74
,Koby Howard,1,3.74
,Ethan Thulin,1,3.74
,Romello Brinson,1,3.74
,AJ Harris,1,3.74
,Allen Middleton,1,3.74
00-0040009,Savion Williams,0,3.74
,Anthony Ice,1,3.74
,Isaiah Davis,1,3.74
,Tyson Mobley,1,3.74
,Evan Boyd,1,3.74
,Morgan Quiri,1,3.74
,Devin Alves,1,3.74
,Asa Gregg,1,3.74
,Brodrick Malone,1,3.74
,Lemeke Brockington,1,3.74
,Devin Mccuin,1,3.73
00-0040164,Jaylin Lane,0,3.73
,Isaiah Horton,1,3.73
,Zachary Mitchell,1,3.73
,Landers Green,1,3.73
,Adrian Green,1,3.73
,Noah West-Baranco,1,3.73
,Micah Woods,1,3.73
,Terrence Lewis,1,3.73
,Mylan Graham,1,3.73
,Cameron Monteiro,1,3.73
,Goldie Lawrence,1,3.73
,Shamar Rigby,1,3.73
,Joshua Porter,1,3.73
,Jordan Ross,1,3.73
,Daniel Lopes,1,3.73
,DJ Allen,1,3.72
,Tristan Smith,1,3.72
,Jesse Watson,1,3.72
,Kameron Chisholm,1,3.72
,Javon Rogers,1,3.72
,Jaren Randle,1,3.72
,Tony Harste,1,3.72
,Naeshaun Montgomery,1,3.72
,Leon Neal Jr.,1,3.72
,Brennan Ridley,1,3.72
,Eric Nelson,1,3.72
,T.J. Moore,1,3.72
,Omari Walker,1,3.71
,Josiah Freeman,1,3.71
,Malik McNeely,1,3.71
,Radarious Jackson,1,3.71
,Malachi Taylor,1,3.71
,Jalen Richmond,1,3.71
,Jadon Thompson,1,3.71
,Bralon Brown,1,3.71
,Daylan Mccutcheon,1,3.71
,Kylen Evans,1,3.71
,Ardell Banks,1,3.71
,Archie Cox,1,3.71
,Ny Carr,1,3.71
,Bryce Farrell,1,3.71
,Jett Booker,1,3.71
,Armani Winfield,1,3.71
,Zyheem Collick,1,3.7
00-0040277,Jahdae Walker,0,3.7
,Branden Hoch,1,3.7
,Brady Hutchison,1,3.7
,Drelon Miller,1,3.7
,Jordyn Williams,1,3.7
,Javien Cuff,1,3.7
,Jamison Warren,1,3.7
,Jamel Hardy,1,3.7
,Brandon Phelps,1,3.7
,Gary Givens III,1,3.7
,Stephon Johnson Jr.,1,3.7
,Nicholas Cenacle,1,3.7
,Tykeem Wallace,1,3.7
,Cleveland Charlton,1,3.7
,Isaiah Sategna,1,3.7
,Cameron Ross,1,3.7
,Ace Cobb,1,3.7
,Derrick Avery Jr.,1,3.69
,Michael Nix,1,3.69
,Ethan Hebb,1,3.69
,Jacob Emmers,1,3.69
,Thomas Brown,1,3.69
,Ryan Williams,1,3.69
,Shaborne Demps,1,3.69
00-0038839,Mitchell Tinsley,0,3.69
,Leyton Stone,1,3.69
,Gary Bryant Jr.,1,3.69
,Chevy Brenson,1,3.69
,Davis Dalton,1,3.69
,Patrick Clacks III,1,3.69
,Bryce Parker,1,3.69
,Javion Phelps,1,3.69
,Javarius George,1,3.69
,Shemar Savage,1,3.69
,Major Everhart,1,3.69
,Quanell Farrakhan Jr.,1,3.68
,Jeremiah McClellan,1,3.68
,Kerry King,1,3.68
,Casey Cain,1,3.68
,Quentin McCall,1,3.68
,Jordan Malau'ulu,1,3.68
,Brendan Webb,1,3.68
,Najih Rahman,1,3.68
,Sam Mbake,1,3.68
,Jamar Taylor,1,3.68
,Dallas Dudley,1,3.68
,Jordan Shipp,1,3.68
,CJ Brown,1,3.68
,CJ Adams,1,3.68
,Channing Goodwin,1,3.68
,Andre Dennis,1,3.68
,Stefano Giovannelli,1,3.68
,Horatio Fields,1,3.68
,AJ Jayroe,1,3.68
,Harvey Broussard,1,3.68
,Logan Schmidt,1,3.68
,Braylon Isom,1,3.68
,Shamarius Peterkin,1,3.68
,Dahya Patel,1,3.68
,Jackson Green,1,3.68
,Harold Duvall,1,3.68
,Taylor Spierto,1,3.68
,Max Tomczak,1,3.68
,Nate Anderson,1,3.68
,DJ Miller,1,3.68
,Javon Ross,1,3.68
,Myles Libman,1,3.68
,Tristian Gentry,1,3.67
,Ricky Ortega,1,3.67
,Petey Tucker,1,3.67
,Tyseer Denmark,1,3.67
,Prince Strachan,1,3.67
,Cannon Dinger,1,3.67
,Hykeem Williams,1,3.67
,Alfred Honesty,1,3.67
,Malcolm Gillie,1,3.67
,Ty'ee Stephens,1,3.67
,Jaylin Marshall,1,3.67
,Evan Brooks,1,3.67
,Xavier Phipps,1,3.67
,Nathan Kent,1,3.67
,Nyir Jones,1,3.67
,Taylor Crumedy,1,3.67
,Jasaiah Gathings,1,3.67
,Cole Turner,1,3.67
,Taeshaun Lyons,1,3.67
,Lorenzo Jenkins,1,3.67
,Karson Boschma,1,3.67
,Eli Green,1,3.67
,William Fowles,1,3.67
,Maxwell James,1,3.67
,Justin Hughes,1,3.67
,Tyler Wilkins,1,3.66
,Mekhi Norris,1,3.66
,Donovan Weatherly,1,3.66
,Jay Maclin,1,3.66
,Jeremiah Ratliff,1,3.66
,Adonis McDaniel,1,3.66
,Quin Smith,1,3.66
,Luke Shields,1,3.66
,Kendrick Bell,1,3.66
,Tychaun Chapman,1,3.66
,Jayon Farrar,1,3.66
,Isaiah Smith,1,3.66
,Jackson House,1,3.66
,Clark Sanderson,1,3.66
,Jack Melore,1,3.66
,Cooper Hoch,1,3.66
,Adam Criter,1,3.66
,Tay Lanier,1,3.66
,Cody Jackson,1,3.66
,Monte Harrison,1,3.66
,Chase Tyler,1,3.66
,Kyle Parker,1,3.66
,Kyler Kasper,1,3.66
,Mekhi Collins,1,3.66
,Kahanu Davis,1,3.66
,Darren Morris,1,3.66
,Jamar Kaho,1,3.66
,Josh Schuchts,1,3.66
,Jahlil McClain,1,3.65
,Sincere Brown,1,3.65
,Kam Phillips,1,3.65
,Chance Arbon,1,3.65
,Anjuan Coleman Jr.,1,3.65
,Jimmy Calloway,1,3.65
,Dillon Alfred,1,3.65
,Aviyon Smith-Mack,1,3.65
,Teree McDonald,1,3.65
,Jimmie Maxson III,1,3.65
,Dillon Newton-Short,1,3.65
00-0032688,Robbie Chosen,0,3.65
,Mehki Larronte Campfield,1,3.65
,Kris Hughes,1,3.65
,Payton Matthews,1,3.65
,Camden Kruisenga,1,3.65
,Koa Eldredge,1,3.65
,Keelan Marion,1,3.65
,Demetric Whitlock Jr.,1,3.65
,Daylyn Upshaw,1,3.65
,Demetrion Cannon,1,3.65
,Jordan King,1,3.65
,Lance Martinez,1,3.65
,Tobias Merriweather,1,3.65
,Jaydn Girard,1,3.65
,Chris Lawson Jr.,1,3.65
,Daryl Barnett Jr.,1,3.65
00-0039623,Mason Tipton,0,3.65
,Isaiah McMorris,1,3.65
,Christian White,1,3.65
,Marshaun Brown,1,3.65
,Blake Buntyn,1,3.65
,AJ Wilson,1,3.64
,Alani Ajigbotosho,1,3.64
,Derrick Eley,1,3.64
,Tuli Tagovailoa-Amosa,1,3.64
,Hutch Crow,1,3.64
,Aidan Henry,1,3.64
,Khiryn Boyd,1,3.64
,Rico Scott,1,3.64
,Bryson Hammer,1,3.64
,Mekhi Maddox,1,3.64
,Kamari Maxwell,1,3.64
,Brian Rowe Jr.,1,3.64
,Jordan Edwards,1,3.64
,Jordan Dever,1,3.64
,Tyree Kelly,1,3.64
,Vincent Wilkins,1,3.64
,TJ Pride,1,3.64
,Dylan Tapley,1,3.64
,Chris Brooks Jr.,1,3.64
,Jariyah Sawyer,1,3.64
,Dkhai Joseph,1,3.64
,Franklin Baret Jr.,1,3.64
,Jadyn Robinson,1,3.64
,Brandon Binkowski,1,3.64
,Elyjah Mitchell,1,3.64
,Jack Purdy,1,3.64
,Ben Buisson,1,3.64
,Andrel Anthony Jr.,1,3.63
,Tashi Braceful,1,3.63
,Nicholas Howard,1,3.63
,Jimmy Kibble,1,3.63
,Devaughn Mortimer,1,3.63
,BJ Hawkins Jr.,1,3.63
,Jacob Jordan,1,3.63
,Vernell Brown III,1,3.63
,Johntay Cook II,1,3.63
,Isaiah Kacyvenski Jr.,1,3.63
,Donovan Murph,1,3.63
,Matthew Coleman,1,3.63
,TJ Cadden,1,3.63
,Micah Gilbert,1,3.63
,Max Walters,1,3.63
,Antonio Harmon,1,3.63
,Travis Smith Jr.,1,3.63
,Koy Moore,1,3.63
,Camryn Davis,1,3.63
,Shawn Miller,1,3.63
,Jace Wilson,1,3.63
,DaJon Harrison,1,3.62
,Justius Lowe,1,3.62
,Jordan Hudson,1,3.62
,Shyhiem Drew,1,3.62
,Justin Smith-Brown,1,3.62
,Kaden Wetjen,1,3.62
,Caleb Coombs,1,3.62
,Dazalin Worsham,1,3.62
,Jathen Jones,1,3.62
,Khai Prean,1,3.62
,Griffin Wilde,1,3.62
,Zion Fowler-El,1,3.62
,Adam Hopkins,1,3.62
,Cam'Ron Lacy,1,3.62
,Cameron Seldon,1,3.62
,Jalen Geer,1,3.62
,Ryan King,1,3.62
,Sahmir Hagans,1,3.62
,Marquawn McCraney,1,3.62
,Kareem Burke,1,3.61
,Jordan Mosley,1,3.61
,JoJo Earle,1,3.61
,Kaleb Mathis,1,3.61
,Kaleb Lampkins,1,3.61
,Ayden Price,1,3.61
,Chase Byrd,1,3.61
,Miles Burris,1,3.61
,Jer'Michael Carter,1,3.61
,Kevin McGuire,1,3.61
,Kyron Ware-Hudson,1,3.61
,Torance Washington,1,3.61
,Rahmise Jones,1,3.6
,Kory Jones,1,3.6
,Reece Vander Zee,1,3.6
,Raiden Vines-Bright,1,3.6
,Izaiah Williams,1,3.6
,Nic Anderson,1,3.6
,Christopher Hall,1,3.6
,Keagan Johnson,1,3.6
,Brandon Hayes,1,3.6
,Marcus Calwise Jr.,1,3.6
,Dean Patterson,1,3.6
,Brady Boyd,1,3.6
,Bryce Yates,1,3.6
,Carter Pabst,1,3.6
,Luke Hutchison,1,3.59
,Talan White-Hatch,1,3.59
,Xavier Daisy,1,3.59
,Tastean Reddicks,1,3.59
,Tanook Hines,1,3.59
,Jordan Reed,1,3.59
,James Elliott,1,3.59
,Elliott Brow,1,3.59
,Brooks Davis,1,3.59
,Jalen Mickens,1,3.59
,Tysen Boze,1,3.59
,Bryan Robinson,1,3.59
,Andrew Marsh,1,3.59
,Nae'Saan Dickerson,1,3.59
,Izaiah Hartrup,1,3.59
,Karim Page,1,3.59
,Marcus Burke,1,3.59
,Nare Means,1,3.59
,Nick Crayton,1,3.58
,Nick Marsh,1,3.58
,Maxwell Moss,1,3.58
,Kyan Mason,1,3.58
,Dylan Evans,1,3.58
,Jay Avery,1,3.58
,Payton Mangrum,1,3.58
,Mikey Welsh,1,3.58
,Ezavier Staples,1,3.58
,Tru Tanner,1,3.58
,Kenny Ajose,1,3.58
,Jabril Carter,1,3.58
,Terence Marshall,1,3.58
,Matt Chandler,1,3.58
,Da'Realyst Clark,1,3.57
,Titus Mokiao-Atimalala,1,3.57
,Kyre Duplessis,1,3.57
,Dave Pardo,1,3.57
,Ferdinand Nyivih,1,3.57
,LeRoy Lewis IV,1,3.57
,Jack Schwing,1,3.57
,Xavier Jordan,1,3.57
,Ian Finch,1,3.57
,Dedrick Latulas,1,3.57
,Laviel Pickett,1,3.57
,Joe Harris,1,3.57
,Jeremiah Melvin,1,3.57
,Jaden Richardson,1,3.57
,Tyler Daniels,1,3.57
,Shakile Ferguson,1,3.57
,Collin Payne,1,3.57
,Julio Carrecter,1,3.57
00-0040590,Konata Mumpfield,0,3.57
,Rafeald Campbell,1,3.57
,Cortez Mills Jr.,1,3.56
,Jaquise Martin,1,3.56
,David Adolph,1,3.56
,Jordan Garrison,1,3.56
,Isaiah Garcia-Castaneda,1,3.56
,Tyler Macon,1,3.56
,Deion Colzie,1,3.56
,Andy Jean,1,3.56
,T.J. Mitchell,1,3.56
,Richie Ilarraza,1,3.56
,AJ Johnson,1,3.56
,Brandon Rehmann,1,3.56
,Jadon Porter,1,3.56
,Khylen Harris-Norman,1,3.56
,Ryan Petras,1,3.56
,Bryce Dorsey,1,3.56
,Dalton Carnes,1,3.55
,Gianni Rossitto,1,3.55
,Xayvion Turner-Bradshaw,1,3.55
,Isiah St. Romain,1,3.55
,Simeon Evans,1,3.55
,Landon Wright,1,3.55
,Tyson Carter,1,3.55
,Tylyric Coleman,1,3.55
,Jmariyae Robinson,1,3.55
,Deablo Mcgee,1,3.55
,Tyson George,1,3.55
,Jaleel Walker,1,3.55
,Jalen Brown,1,3.55
,Dylan Gary,1,3.55
,Drew Deck,1,3.55
,Tommy Mcintosh,1,3.55
,Eli Paulson,1,3.55
,Jayden Flood-Brown,1,3.55
,Mazeo Bennett,1,3.55
,Hayden Fisher,1,3.55
,Sterling Berkhalter,1,3.55
,Alijah Turner,1,3.54
,Zay Perkins,1,3.54
,Cam Henry,1,3.54
,Quincy Burroughs,1,3.54
,Quincy Porter,1,3.54
,Caleb Rollerson,1,3.54
,Jaylan Bean,1,3.54
,Michael Scott,1,3.54
,Kelton Wafer,1,3.54
,Garrett Robertson,1,3.54
,Jabre Bevineau,1,3.54
,Malique Dieudonne,1,3.54
,Ja'Koby Banks,1,3.54
,KD Hunter-Gibson,1,3.54
,Teddy Davenport,1,3.54
,Malik Redd,1,3.54
,Andreas Hill,1,3.54
,Painter Richards-Baker,1,3.54
,Jalen Walker,1,3.53
,Jason Palmieri,1,3.53
,DJ Linkins,1,3.53
,Ty Olsen,1,3.53
,Kyree Benton,1,3.53
,Jamaal Young II,1,3.53
,Julius Dominguez,1,3.53
,Tyrese Hunt-Thompson,1,3.53
,Kenari Wilcher,1,3.53
00-0038640,Jalen Brooks,0,3.53
,BJ Norman,1,3.53
,Marvin Sims,1,3.53
,Marquez Dortch,1,3.53
,Ryan Pellum,1,3.53
,Teriq Mallory,1,3.53
,Elijah Griffin,1,3.53
,Dozie Ezukanma,1,3.53
,Jamarcus Prince,1,3.53
,Justin Ruffin Jr.,1,3.53
,Cole Freeman,1,3.53
,Joshisa Trader,1,3.53
,Xavier Loyd,1,3.53
,Damian Harris,1,3.53
,Toric Goins Jr.,1,3.53
,Drew Wagner,1,3.53
,Angelo Butts,1,3.53
,Tae'Shaun Johnson,1,3.53
,Kenny Johnson,1,3.52
,MJ Chirgwin,1,3.52
,Cam Bulluck,1,3.52
,Nate DeMontagnac,1,3.52
,Noah Cronquist,1,3.52
,Lukas Gilland,1,3.52
,Barion Brown,1,3.52
,Jaylen Bonelli,1,3.52
,Jaren Hamilton,1,3.52
,Santino Correa,1,3.52
,Dayan Bilbo,1,3.52
,Tafari Moe,1,3.52
,Quaron Adams,1,3.52
,Derrick Bohler,1,3.52
,Jeremiah Noga,1,3.52
,Will Pauling,1,3.52
,Preston Fox,1,3.52
,Isaiah Spencer,1,3.51
,Tama Uiliata,1,3.51
,Terrence Rone,1,3.51
,Elliot Cooper,1,3.51
,Jaleel Sales,1,3.51
,Jarod Bowie,1,3.51
,CJ Neely,1,3.51
,Donnell Gee Jr.,1,3.51
,Bryson Graves,1,3.51
,Dylan Redmon,1,3.51
,Brandon Chatman,1,3.5
,Jamarion McDougle,1,3.5
,Dez Williams,1,3.5
,Hudson Clement,1,3.5
,Jared Brown,1,3.5
,Rickie Shaw II,1,3.5
,Beau Sparks,1,3.5
,Alex Capka-Jones,1,3.5
,Cole Adams,1,3.5
,Tennel Bryant,1,3.5
,Fred Farrier II,1,3.5
,Britain Simmons,1,3.5
,Dayton Howard,1,3.5
,Tim Burns Jr.,1,3.5
,Tristen Brown,1,3.5
,Jaylan Hornsby,1,3.5
,Jaylen Mbakwe,1,3.49
,Joshua Guerin,1,3.49
,George Dimopoulos,1,3.49
,Jordan Richburg,1,3.49
,Carl Jenkins Jr.,1,3.49
,Charles Robertson,1,3.49
,Tyler Brown,1,3.49
,Tyler Hennessy,1,3.49
,Sam Pickett III,1,3.49
,Malachi Riley,1,3.49
,Sterling Lockett,1,3.48
,Aidan Garcia,1,3.48
,Alex Gochis,1,3.48
,Torey French,1,3.48
,Malik Knight,1,3.48
,Donnie Gray,1,3.48
,Ronnel Johnson,1,3.48
,Elijah Canion,1,3.48
,Jamarii Robinson,1,3.48
,Reymello Murphy,1,3.48
,Jimmie Duncan,1,3.48
,Pearson Hill,1,3.48
,Sam Reynolds,1,3.48
,Jahlun Flud,1,3.48
,Bailey Stockton,1,3.48
,Chris Durr Jr.,1,3.48
,Kai Austin,1,3.48
,DaMontre Patterson,1,3.48
,Kai Holloway,1,3.48
00-0039062,Jonathan Mingo,0,3.48
,Lotzeir Brooks,1,3.48
,Isaiah Lemmond,1,3.48
,Aaron Arteaga,1,3.48
,Caleb Odom,1,3.47
,Bryson Canty,1,3.47
,Dane Steel,1,3.47
,David Amador,1,3.47
,Marcus Chretien,1,3.47
,Winston Watkins,1,3.47
,Landon Ransom-Goelz,1,3.47
,Hardley Gilmore IV,1,3.47
,Izaha Jones,1,3.47
,Trevin Ewing,1,3.47
,Noah Kjar,1,3.47
,Omari Kelly,1,3.47
,Keaton Kubecka,1,3.47
,Scrappy Osby,1,3.47
,Ron Vann,1,3.47
,Kolbe Katsis,1,3.47
,Trace Corum,1,3.47
,Kris Hutson,1,3.47
,Julian Mason,1,3.46
,Jalil Farooq,1,3.46
,Dezmen Roebuck,1,3.46
,Michael Carlock-Williams,1,3.46
,Terrance Honeywood,1,3.45
,Marqeese Dietz,1,3.45
,Zane Wooldridge,1,3.45
,Cooper Lehman,1,3.45
,Shanard Clower,1,3.45
,Stephon Patrick,1,3.45
,Alex Sanchez,1,3.45
,Isaiah Johnson,1,3.45
,De'Andre Tamarez,1,3.45
,Nate Burleson II,1,3.45
,Joakim Dodson,1,3.44
,Quavel Thornton,1,3.44
,Dylan Vickerson,1,3.44
,Trent Hudson,1,3.44
,Jackson Grier,1,3.44
,Dylan Goffney,1,3.44
,DK Daniel,1,3.44
,Laden Beckwith,1,3.44
,Rodney Gallagher,1,3.44
,Javoni Gardere,1,3.44
,Caleb Cunningham,1,3.44
,Mario Sanders II,1,3.44
,Cameron Flowers,1,3.44
,Brooks Wheatley,1,3.44
,Ben Evee,1,3.44
,Caleb Brownlow,1,3.44
,Austin Okerwa,1,3.44
,Legend Bernard,1,3.44
,Kameron Courtney,1,3.44
,Octavian Smith Jr.,1,3.44
,Bryce Bailey,1,3.43
,Waden Charles,1,3.43
,Chris Barnes,1,3.43
,Miles Coleman,1,3.43
,Kyle Miller,1,3.43
,Eric Weatherly,1,3.43
,Ja'Carree Kelly,1,3.43
,Evens Valcourt,1,3.43
,Grady O'Neill,1,3.43
,Trech Kekahuna,1,3.43
,TK Norman,1,3.43
,Jackson Owens,1,3.43
,Josiah Abdullah,1,3.43
,Owen Lyons,1,3.43
,Joey Stout,1,3.43
,Justin Franklin,1,3.43
,Samari Howard,1,3.43
,Myles Walker,1,3.42
,Joshua Manning,1,3.42
,Shade Schaefer,1,3.42
,Jaden Proctor,1,3.42
,Jaylon Hawkins,1,3.42
,Jaylin Peterson,1,3.42
,Robby Washington,1,3.42
,Nathan Acevedo,1,3.42
,Donovan Wadley,1,3.42
,Ezekiel Avit,1,3.42
,Cam Pedro,1,3.42
,Brayden Smith,1,3.42
,Anthony Feaster,1,3.41
,Marcus Bellon,1,3.41
,Chris Lawson,1,3.41
,Vinson Davis,1,3.41
,Trey Walker,1,3.41
,Tyshawn Russell,1,3.41
,Luke Wysong,1,3.41
,Sebastian Brown,1,3.41
,Jamar Taylor Jr.,1,3.4
,Joe Kerbacher,1,3.4
,Chris Gundy,1,3.4
,Barry Brown,1,3.4
,Cameron Bates,1,3.4
,Cameron Bonner,1,3.4
,Jaqai Carter,1,3.4
,Jaydon Johnson,1,3.4
,Jacob Godfrey,1,3.4
,Terrell Crosby Jr.,1,3.4
,Kyle Mcneal,1,3.4
,Ty Curran,1,3.4
,Ellis Stewart,1,3.39
,Aveion Chenault,1,3.39
,Kameran Senegal,1,3.39
,Jack Martens,1,3.39
00-0040184,KeAndre Lambert-Smith,0,3.39
,Dillon Bell,1,3.38
00-0038090,Skyy Moore,0,3.38
,Darien Williams,1,3.38
,Taco Dowler,1,3.38
,Teddy Hoffmann,1,3.38
,Koby Young,1,3.38
,Ty Doughty,1,3.38
,Sanfrisco Magee,1,3.38
,Kameran Shanks,1,3.38
,Nick Munson,1,3.38
,Sammy Dresie,1,3.38
,Elijah Kennedy,1,3.38
,Logan Loya,1,3.37
,Marshawn Ferguson,1,3.37
,Jackson Parker,1,3.37
,Elijah Aragon,1,3.37
,Dylan Djete,1,3.37
,Kerrick Ross,1,3.37
,Amare Thomas,1,3.37
,Myles Parker,1,3.37
,Jeyquan Smith,1,3.37
,Jaylan Brown,1,3.37
,Vinny Anthony,1,3.37
,Darrick Bledsoe III,1,3.36
,Brandon Inniss,1,3.36
,Wesley Garrett,1,3.36
00-0038953,Dylan Drummond,0,3.36
,Quinton Brown,1,3.36
,Jalen McDonald,1,3.36
,Quentin Gibson,1,3.36
,Molayo Irefin,1,3.36
,Micah Mackay,1,3.36
,KJ Fields,1,3.36
,Gio Richardson,1,3.36
,Isaiah Eastman,1,3.36
,Drayden Dickmann,1,3.36
,Hassan Mahasin,1,3.36
,Caden High,1,3.35
,Armon Wright,1,3.35
,Caleb Gossett,1,3.35
,Kaden Cooper,1,3.35
,Xavier Irvin,1,3.35
,Zach Jones,1,3.35
,Malachi Coleman,1,3.35
,NyGhee Lolley,1,3.35
,Devin Hester Jr.,1,3.35
,Davis Ellis,1,3.35
,Shawn Brown,1,3.35
,Taylor Wright-Rawls,1,3.35
,Ryan Ricketti,1,3.35
,AJ Adams,1,3.35
,Thai Chiaokhiao-Bowman,1,3.35
,Tyson Davis,1,3.35
,Ja'von Broussard,1,3.35
,Jabez Woods,1,3.35
,Anthony Brown,1,3.34
,Wayne Harris,1,3.34
,Javion Bostic,1,3.34
,Zimere Winston,1,3.34
,Jordan Bride,1,3.34
,RJ Garcia II,1,3.34
,Rico Powers Jr.,1,3.34
,Evan James,1,3.34
,Tyrell Henry,1,3.34
,Dom Henry,1,3.34
,Eian Pugh,1,3.34
,Kyle Washington,1,3.34
,Jeremiah Colclough,1,3.34
,Qian Magwood,1,3.34
,Javon Robinson,1,3.34
,Ayden Williams,1,3.33
,Matthew Henry,1,3.33
,Zachary Dodson-Green,1,3.33
,Dean Hangey,1,3.33
,Josh Rillos,1,3.33
,Xavier Townsend,1,3.32
,Jordan Nabors,1,3.32
,Javon Tracy,1,3.32
,Solomon Miller,1,3.32
,Seth Sweitzer,1,3.32
,David Pierro,1,3.31
,Trevon Tate,1,3.31
,Richard Dandridge,1,3.31
,Jaylin Carter,1,3.31
,Sidney Mbanasor,1,3.31
,Antonio Hunter,1,3.31
,Gabriel Benyard,1,3.31
,Will Lankford,1,3.31
,Justin Reshard,1,3.31
,David Okoi,1,3.31
,Ryan Blagg,1,3.31
,Aaron Butler,1,3.31
,Jahmil Perryman,1,3.31
,Sam Milligan,1,3.31
,Stevie Keener,1,3.3
,Evan Wallace,1,3.3
,Maxim Copeland,1,3.3
,Takye Heath,1,3.3
,Amari Southall,1,3.3
,Sacovie White,1,3.3
,Kevin Concepcion,1,3.3
,Ja'Naylon Dupree,1,3.3
,Bryce Randolph,1,3.3
,Javen Nicholas,1,3.3
,Jalen Patrick,1,3.3
,Jalen Rogers,1,3.3
,Vernon Allen III,1,3.3
,Cole Schilling,1,3.3
,Zachary Kim,1,3.3
,Oran Singleton Jr.,1,3.3
,Maguire Anderson,1,3.3
,Anthony Eager,1,3.3
,Jay Jay Etheridge,1,3.3
,Isaiah Blair,1,3.3
,Antoine Sullivan,1,3.3
,Jordan Allen,1,3.29
,Ed Small,1,3.29
,Cory Nichols,1,3.29
,Tre Spivey,1,3.29
,Josh Gary,1,3.29
,Lewis Bond,1,3.29
,Nicholas Dunneman,1,3.29
,Jackson Williams,1,3.29
,Chris Long,1,3.29
,Braylon Knauth,1,3.29
,Ivan Carreon,1,3.28
,Coen Sutton,1,3.28
,Donovan Lewis,1,3.28
,Owen Garwood,1,3.28
,Courtney Crutchfield,1,3.28
,Mikey Matthews,1,3.28
,Aldrich Doe,1,3.28
,Seth Anderson,1,3.28
,Kojo Antwi,1,3.28
00-0035891,Cody White,0,3.28
,Kendrick Law,1,3.28
,Malcolm Simmons,1,3.27
,Deion Richardson,1,3.27
,Shandon King,1,3.27
,Alijah Cason,1,3.27
,Zyion Claville,1,3.27
,CJ Reese,1,3.27
,Chrishon Mccray,1,3.27
,KJ Parker,1,3.27
,Jaylen Lynch,1,3.27
,Eugene Luckett,1,3.27
,Logan Perez,1,3.27
,Blaine Green,1,3.27
,Omari Evans,1,3.27
,Braeden Wisloski,1,3.27
,Ben Turner,1,3.26
,A.J. Little,1,3.26
,Noah Short,1,3.26
,Darriel Harper,1,3.26
,Micahi Danzy,1,3.26
,Alex Brown,1,3.26
,Shamontae Burgess,1,3.26
,JJ Henry,1,3.26
,Jack Smith,1,3.26
,Jamil Bishop,1,3.26
,Lucius Anderson,1,3.25
,Jayce Brown,1,3.25
,Eric Willis III,1,3.25
,Kerien Charlo,1,3.25
,Nick Laughlin,1,3.25
,Zion Steptoe,1,3.25
,Damani Williams,1,3.25
00-0040582,Arian Smith,0,3.25
,TJ West,1,3.25
,Issac Glaudin,1,3.25
,Royal Capell,1,3.25
,Keith Reynolds,1,3.25
,Malachi Toney,1,3.24
,Nehemiah Hixon,1,3.24
,Glynn Johnson Jr,1,3.24
,Gabe Glover,1,3.24
,Quay Kindell,1,3.24
,Rashad Caldwell,1,3.24
,Nolan McWilliams,1,3.23
,Ryan Wingo,1,3.23
,Jayleen Record,1,3.23
,Chris Hilton Jr.,1,3.23
00-0037098,Samori Toure,0,3.23
,Kaleb Brown,1,3.23
,Landyn Backey,1,3.23
,Christian Neptune,1,3.23
,Keylijah Williams,1,3.22
,Marcus Torres,1,3.22
,Jameson Tucker,1,3.22
,E.J. Horton,1,3.22
,Nate Garnett,1,3.22
,Korey Tai,1,3.22
,Kelshaun Johnson,1,3.22
,London Humphreys,1,3.22
,Micah Tease,1,3.22
,Raydrian Baltrip,1,3.22
,Ty Moore,1,3.21
,Jairus Mack,1,3.21
,Jayson Raines,1,3.21
,Jalen Walthall,1,3.21
,J.Michael Sturdivant,1,3.21
,Dane Benedix,1,3.2
,La'Don Bryant,1,3.2
,Jeremiah Jones-Thomas,1,3.2
,Braden Pegan,1,3.2
,Charles Montgomery,1,3.2
,Reis Stocksdale,1,3.2
,Blake Thomas,1,3.2
,Tra'Mar Harris,1,3.2
,Julian Allen,1,3.2
,Quanye Veney,1,3.19
,Elisha Durham,1,3.19
,Cole Pruett,1,3.19
,Lofton O'Groske,1,3.19
00-0040646,Jalen Royals,0,3.19
,Trayvon Rudolph,1,3.19
,RaJa Nelson,1,3.19
,Sterling Galban,1,3.19
,Semaj Morgan,1,3.19
,Isaiah Dawson,1,3.19
,Javin Whatley,1,3.19
,Josh Dallas,1,3.18
,Richie Hoskins,1,3.18
,Emmerson Cortez-Menjivar,1,3.18
,Chris Domercant,1,3.18
,DePhabian Fant,1,3.18
,Jovanni Bermudez,1,3.18
,Hank Foley,1,3.18
,Malique Leatherbury,1,3.17
,Blake Youngblood,1,3.17
,Dominic Dutton,1,3.17
,Noah Colon,1,3.17
,Austin Palmer,1,3.17
,Lasalle Rose Jr.,1,3.17
,Colby Alexander,1,3.17
,Triston Edwards,1,3.17
,Cyrus Allen,1,3.17
,Trenton Leary,1,3.17
,Gavin Lochow,1,3.16
,Rodny Ojo,1,3.16
,Brock Rechsteiner,1,3.16
,Samuel Gbatu Jr.,1,3.16
,Marlion Jackson,1,3.15
,Germie Bernard,1,3.15
00-0034521,Allen Lazard,0,3.15
,Jade Card,1,3.15
,Derek Eusebio,1,3.15
,Easton Messer,1,3.15
,Kyndon Fuselier,1,3.14
,Preston Bird,1,3.14
,Michael Mussari,1,3.14
,Jacorey Watson,1,3.14
,Micah Davis,1,3.13
,Eli Heidenreich,1,3.13
,Brendan Lee,1,3.13
,Cam Pickett,1,3.13
,Brandon White,1,3.13
,C'Quan Jnopierre,1,3.12
,Ja'Coby Matthews,1,3.12
,Deuce Alexander,1,3.12
,Zachariah Branch,1,3.12
,Kian Salehi,1,3.12
,Scottie Alexander,1,3.12
,Parker Perry,1,3.11
,Tre Richardson,1,3.11
,JoJo Stone,1,3.11
,Mario Craver,1,3.11
,Michael Wortham,1,3.11
,Jay Graves-Billips,1,3.11
,TJ Speight,1,3.11
,Hunter Luke,1,3.11
,Jonathan Bibbs,1,3.1
,Alex Bullock,1,3.1
,Noah Grevious,1,3.09
,Calvin Jones,1,3.09
,Jonathan Harris,1,3.09
,Victor Snow,1,3.08
,Joey Isabella,1,3.08
,Ethan Loss,1,3.08
,Ben Buesgens,1,3.07
,Jayden Sellers,1,3.07
,Kole Wilson,1,3.07
,Cooper Perry,1,3.06
,Jeff Weimer,1,3.06
,Elijah Metcalf,1,3.05
,Tremel Jones,1,3.05
,Rara Thomas,1,3.05
,Charles Robinson,1,3.04
,Doryn Smith,1,3.04
,Keshawn Brown,1,3.04
,Aaron Turner,1,3.04
,Joshua Tracey,1,3.04
,Camo Nelson,1,3.04
,Kyai Cook,1,3.03
,Kam Mikell,1,3.03
,Keivin Boone-Nelson II,1,3.03
,Connor Johns,1,3.03
,Tray Taylor,1,3.03
,Zymear Smith,1,3.03
,Jack Weybright,1,3.03
,Jaquaize Pettaway,1,3.02
,BJ Atkins,1,3.02
,Eric Rivers,1,3.01
00-0033589,David Moore,0,3.01
,Dakorien Moore,1,3.01
,Evan Van Dyke,1,3.01
,Antonio Williams,1,3.01
,Sawyer Deerman,1,3.0
,Jaylin Terzado,1,3.0
,Clayton Coppock,1,3.0
,Kevin Coleman Jr.,1,3.0
,Bryce Cain,1,3.0
,Colton Hinton,1,3.0
,Link Rhodes,1,2.99
,Cade Harris,1,2.99
,Christian Anaya,1,2.99
,Jarvis Davis,1,2.99
,Reginald Virgil,1,2.99
,Colin Chase,1,2.98
,Max Mosey,1,2.98
00-0036862,Ben Skowronek,0,2.98
,Semaj Pierre,1,2.98
,Landon Baptiste,1,2.97
,Kason Stokes,1,2.97
,Jacquon Gibson,1,2.97
,Irene Ngabonziza,1,2.97
,Ivory Aikens,1,2.96
,Isaiah Thacker,1,2.96
,Junior Sherrill,1,2.96
,Jackson Wade,1,2.95
,Ryan Boyd,1,2.95
00-0040406,Quentin Skinner,0,2.95
,Da'Wain Lofton,1,2.95
,Scott Nixon,1,2.95
,William Taylor,1,2.95
,Matthew Maxey,1,2.95
,Hank Beatty,1,2.95
,Jarvis Rush,1,2.95
,Kyle Vaka,1,2.95
,Quincy Brown,1,2.95
,Keegan Ryan,1,2.95
,Blake Suber,1,2.95
,Terence Loville,1,2.95
,Chris Dobrydney,1,2.95
,Kyion Grayes,1,2.95
,Devin Hyatt,1,2.95
,Jackson Turner,1,2.95
,Jakob Dixon,1,2.95
,Bobby Cameron,1,2.95
,Jordan Scott,1,2.95
,Wyatt Bailey,1,2.95
,Kyle Thomas,1,2.95
,Jordan McIntyre,1,2.94
,Jaylen Elder,1,2.94
,LeBron Bond,1,2.94
,Logan Conklin,1,2.94
,Jaaden Simpkins,1,2.94
,Trebor Pena,1,2.94
,Christopher Bennett Jr.,1,2.94
,Kj Reed,1,2.94
,DJ Epps,1,2.94
,Kenji Lewis,1,2.93
,Markus Allen,1,2.93
,Andre Greene Jr.,1,2.93
,Marty O'Keeffe,1,2.93
,Tyler Williams,1,2.93
,Tyquan Henderson,1,2.93
,Noah Schaerli,1,2.93
,Willis Nofsinger,1,2.93
,Dany'e Brooks,1,2.93
,Rett Andersen,1,2.93
,Leonte Oulahi,1,2.93
,Carson Grove,1,2.93
,Jayden McGowan,1,2.93
,Michael Dever,1,2.93
,LJ Green,1,2.93
,Marquez Bell,1,2.93
,Ryan Guillo,1,2.93
00-0039521,Xavier Weaver,0,2.93
,Jayden Guy,1,2.93
,Rian Black,1,2.93
,Jordan Napier,1,2.93
,Chase Collyer,1,2.93
,Treymon Echols,1,2.93
,Luke Edgecomb,1,2.93
,Tobi Olawole,1,2.93
,Cam Sapp,1,2.93
,Ricky Fittin,1,2.93
,Reggie Frischknecht,1,2.93
,Kelan Robinson,1,2.93
,Terrione Graves,1,2.93
,Trey Mancuso,1,2.92
,Mekhi Mews,1,2.92
,Winston Moore,1,2.92
,Malachi Durant,1,2.92
,Tailique Williams,1,2.92
,Corey Rucker,1,2.92
,Anthony Lowe,1,2.91
,Landon DePrima,1,2.91
,Bryson Williams,1,2.91
,Terrence Smith Jr.,1,2.91
00-0034418,Cedrick Wilson Jr.,0,2.91
,KJ Sneed,1,2.91
,Jordan Smith,1,2.91
,Onterrio Smith Jr.,1,2.91
,Dino Kaliakmanis,1,2.91
,Elijah Pedro,1,2.91
,Kaliq Lockett,1,2.91
,Keylan Johnson,1,2.89
,Walker Tart,1,2.89
,David Wells Jr.,1,2.89
,Manny Smith,1,2.89
,DreSean Kendrick,1,2.89
,John Simmons III,1,2.89
,Parker Kingston,1,2.89
,Stacy Dobbins,1,2.89
00-0036182,Nick Westbrook-Ikhine,0,2.88
,Branden Ganashamoorthy,1,2.88
,Kaden Cobb,1,2.86
,Quincy Morris,1,2.86
,K'Adrian McLee,1,2.86
,Keelan Smith,1,2.86
,Ramier Hardy,1,2.86
,Halim Hardnett,1,2.86
,Christian Helms,1,2.86
,Kendall Evans,1,2.86
,Brady Simmons,1,2.86
,Ian Sheehan,1,2.86
,Krosse Johnson,1,2.86
,Isaac Torres,1,2.86
,Jaylen Hampton,1,2.86
,Ta'ir Brooks,1,2.86
,Alex Taylor,1,2.86
,Tyree Saunders,1,2.86
,Jackson Beatty,1,2.86
,Devin Paige,1,2.86
,Shaun Terry II,1,2.86
,Demarcus Lacey,1,2.86
,Malik Clark,1,2.86
,Brycen Davis,1,2.86
,Omareon Finch,1,2.86
,Devaughn Slaughter,1,2.86
,Mackenzie Alleyne,1,2.86
,D'Arious Reed,1,2.86
,Deacon Stanfield,1,2.86
,Jordan Onovughe,1,2.85
,Malik Rutherford,1,2.85
,DeAree Rogers,1,2.85
,Devin Queen,1,2.85
,Douglas Emilien,1,2.85
,Chauncey Magwood,1,2.85
,Elijah Jones,1,2.85
,Ian Collins,1,2.85
,Tank Hawkins,1,2.84
,Tyson Turner,1,2.84
,Charles Taplin,1,2.84
,Josh Richards,1,2.84
,Rowan Reay,1,2.84
,Jerry Mcclure,1,2.84
,Kierrie Conley,1,2.84
,Galen Combs,1,2.84
,Mack Moeller,1,2.84
,Logan Ramper,1,2.84
,Cameron Gurnsey,1,2.84
,Aaron Okoro,1,2.84
,Tae Gayden,1,2.84
,Dylan Lord,1,2.84
,EJ Hartwell,1,2.84
,Trey Johnson,1,2.84
,Malik Leverett,1,2.84
,Keenan Arcega-Whiteside,1,2.84
,Grant Jones,1,2.84
,John Gores,1,2.84
,Sam Strandell,1,2.84
,Carterrious Brown,1,2.83
,Michael Trovarelli,1,2.83
,Tre' Holloway,1,2.83
,Christian Carti,1,2.82
,Jordan Smart,1,2.82
,Ha'Keem Monroe,1,2.82
,Jayden Thomas,1,2.82
,SirCharles Gordon,1,2.82
00-0036630,Tylan Wallace,0,2.82
,Dj Jordan,1,2.82
,Ty Durham,1,2.82
,David Kasemervisz,1,2.82
,Braylon Gardner,1,2.82
,Kevonne Wilder,1,2.82
,Caden Lettis,1,2.82
,Zavion Thomas,1,2.82
,Jeremiah Sanders,1,2.82
,Benjamin Bussiere,1,2.82
,Colton Pitchford,1,2.82
,Joel Salien,1,2.82
,Haydon Wiginton,1,2.82
,Ky Wilson,1,2.82
,Caden Butler,1,2.81
,Oliver Mitchell Jr.,1,2.81
,Trenton Jones,1,2.81
,Langston Lewis,1,2.8
,Kenny Odom,1,2.79
,JC Roque,1,2.78
00-0040154,Tai Felton,0,2.77
,Jacory Barney Jr.,1,2.77
,Ty Cannistraro,1,2.76
,Dane Wallace,1,2.76
,Duane Thomas Jr.,1,2.75
,Carson Kuhl,1,2.75
,K.D. Hutchinson,1,2.75
,Tyler King,1,2.75
,Doopah Coleman,1,2.75
,Gavin Freeman,1,2.74
,Jonah Burton,1,2.74
,Destin Moore,1,2.73
,Cole Lakatos,1,2.73
,Anthony Evans III,1,2.73
,Eric Denham,1,2.73
,De'Ontae Clark,1,2.72
,Logan Saldate,1,2.72
,Marcus Willis,1,2.72
,Tristan Martinez,1,2.72
,Phillip Wright III,1,2.72
,Jacobie Dilworth,1,2.72
,Terry Shelton,1,2.72
,Jaxon Fresques,1,2.72
,Alex Eichmann,1,2.72
,Jack Elgin,1,2.72
,Andrew Picard,1,2.72
,Mason Ferguson,1,2.71
,Jonathan Nelson,1,2.71
,Erik Ronning,1,2.71
,Rory Jones-Amen-Hetep,1,2.71
,Jemyri Davis,1,2.71
,Gracen Harris,1,2.71
,Gram Smithson,1,2.71
,Brock Spalding,1,2.71
,Keaton Cheves,1,2.71
,Montavin Quisenberry,1,2.71
,Caullin Lacy,1,2.71
,Brayden Miller,1,2.71
,Darius Cannon,1,2.71
,Victor Jones Jr.,1,2.71
,Juju Preston,1,2.71
00-0039816,Anthony Gould,0,2.71
,Luke Daly,1,2.71
,Ashton Locklear,1,2.71
,Tony Kinsler,1,2.71
,Troy Stellato,1,2.71
,Tyler Stewart,1,2.71
,Artis Cole,1,2.71
,Jhae Drummer,1,2.71
,Raylen Sharpe,1,2.69
,Tre Averhart,1,2.66
,Dalen Cobb,1,2.66
,Janiran Bonner,1,2.65
,Izay Bridges,1,2.65
,Zion Booker,1,2.65
,Riley Rudolfo,1,2.65
,Leyton Smithson,1,2.63
,Luke Moffitt,1,2.63
,Connor Morin,1,2.63
,Logan Galletta,1,2.63
,Joshua Ellerbe,1,2.63
,Joseph McVay,1,2.62
,Jamall Mensah,1,2.62
,Willy Suarez,1,2.62
,Zayden Davis,1,2.62
,Keynan Higgins,1,2.62
,Joseph Griffin Jr.,1,2.62
,Jason Stone,1,2.62
,Jonathan Moyer,1,2.62
,Kyle Maltarich,1,2.62
,Jason Wonodi,1,2.62
,Elijah Thomas,1,2.62
,Will Cianfrini,1,2.62
,Tyreik Thorpe,1,2.62
,Josh Crabtree,1,2.62
,Brendon McQueen,1,2.62
,Antonio Jones,1,2.62
,Luke Harkless,1,2.62
,Chief Montalvo,1,2.62
,Karlos Grier,1,2.62
,Carmelo Mays,1,2.62
00-0035876,Andre Baccellia,0,2.61
,Eric Singleton Jr.,1,2.59
00-0038573,Derius Davis,0,2.59
,Deandre Buchannon,1,2.58
,Chase Farrell,1,2.58
,Justin Pegues,1,2.58
,Antavious Murphy,1,2.58
,Riley Lisgar,1,2.58
,Shaun Boykins,1,2.58
,Patrick Williams II,1,2.58
,Tylor Latham,1,2.58
,Rahji Dennis,1,2.57
,Jeremiah Jones,1,2.57
,Jacob Trimble,1,2.57
,Cam'Ron King,1,2.57
,Jerome Bettis Jr.,1,2.57
,Muizz Tounkara,1,2.57
,Kendric Malone,1,2.57
,Ger-Cari Caldwell,1,2.57
,Chason Barber,1,2.57
,Fabian Baez,1,2.57
,Errick Simmons,1,2.57
,Chaz Davis,1,2.57
,Kee Christiansen,1,2.57
,Antonio Floyd,1,2.57
,Amarri Pitts,1,2.57
,Aaron Blancas,1,2.57
,Andre Brown,1,2.57
,Cam Williams,1,2.57
,Devare Mathis,1,2.57
,Aziah Johnson,1,2.57
,Corey Simms,1,2.57
,Clay Nanke,1,2.57
,Christian Ruffin,1,2.57
,Elijah Ford,1,2.57
,Trey Weary,1,2.57
,Trent Shelton,1,2.57
00-0036497,Tim Jones,0,2.57
,Tylon Williams,1,2.57
,Khayman Barnes,1,2.57
,Kash Gates,1,2.57
,Jaime Ffrench,1,2.57
,Sterling Anderson,1,2.56
00-0039650,Bryce Oliver,0,2.55
,Damien Mazil,1,2.55
00-0036841,Austin Trammell,0,2.53
,Ricky Johnson,1,2.52
,Landon Roldan,1,2.52
,Zach Jackson,1,2.48
,DJ Singleton,1,2.48
,Titus Heimuli,1,2.48
,Chandler Shields,1,2.48
,Daylon Singleton,1,2.48
,Yamil Oaxaca,1,2.48
,Charles Brown,1,2.48
,Rohan Fluellen,1,2.48
,Cace Reed,1,2.48
,Brayden White,1,2.48
,Ryan Kennedy,1,2.48
,Kevin Smitson,1,2.48
,Zay Robinson,1,2.48
,Andrew Jacobs,1,2.48
,Jaedon King,1,2.48
,Boden Gardner,1,2.48
,Nick Ragano,1,2.48
,Jay Fair,1,2.48
,Myles Kitt-Denton,1,2.48
00-0034487,Trent Sherfield,0,2.47
00-0038496,Xavier Gipson,0,2.47
00-0037093,Dareke Young,0,2.46
,Robert Freeman IV,1,2.42
00-0035602,Alex Bachman,0,2.42
,David Cabrera,1,2.42
,Dekel Crowdus,1,2.42
,Josiah Lamarque,1,2.42
,Darius Copeland,1,2.4
00-0035021,Ashton Dulin,0,2.4
00-0040432,Beaux Collins,0,2.39
00-0037132,Britain Covey,0,2.37
00-0040563,Efton Chism III,0,2.37
00-0036331,Devin Duvernay,0,2.36
00-0035645,Gunner Olszewski,0,2.33
00-0038752,Jake Bobo,0,2.32
00-0034854,KhaDarel Hodge,0,2.32
00-0036176,Mason Kinsey,0,2.31
00-0037487,Deven Thompkins,0,2.3
00-0038824,Ryan Miller,0,2.27
00-0040259,Gage Larvadain,0,2.25
00-0035544,Tom Kennedy,0,2.16
00-0035639,Parris Campbell,0,2.16
00-0036620,Dee Eskridge,0,2.08
00-0039589,Kameron Johnson,0,2.06
00-0036646,Simi Fehoko,0,2.03
00-0032951,Laquon Treadwell,0,2.02
00-0035140,Mecole Hardman,0,1.94
00-0040534,Ke'Shawn Williams,0,1.82
00-0040241,Dominic Lovett,0,1.8
00-0038576,Charlie Jones,0,1.76
00-0040075,LaJohntay Wester,0,1.75
00-0038519,Nikko Remigio,0,1.46
,Eric Smith,1,1.24
,Cole Speer,1,1.13
,Marquis McCants,1,1.13
,Deriece Brown,1,1.13
,Dimitri Howard,1,1.13
,Kyler Pearson,1,1.13
,Trey Bass,1,1.13
,Zechariah Sample,1,1.13
,Logan Forbes,1,1.13
,Devin Price,1,1.13
,Elijah Bean,1,1.13
,Eli Potts,1,1.13
,TK Hodges,1,1.13
,Eli Hohlt,1,1.13
,Kola Babalola,1,1.13
00-0031763,DeAndre Carter,0,1.13
,Colton Pace,1,1.13
,Kristian Gammage,1,1.13
,Cortez Lane,1,1.13
,Colbe Andrews,1,1.13
,CJ Simon,1,1.13
,Eamonn Dennis,1,1.13
,Trais Higgins,1,1.13
,Tre Griffiths,1,1.13
,Dylan Braithwaite,1,1.13
,Trybe Wise,1,1.13
,Kylon Dupree,1,1.13
,Ky Mcnulty,1,1.13
,Ty Salazer,1,1.13
,Dominique McKenzie,1,1.13
,Luca Caldarella,1,1.13
,Matt McKinley,1,1.13
,Andrew Rockford,1,1.13
,David Clerk,1,1.13
,Liam McCormack,1,1.13
,Liam Thorpe,1,1.13
,Courtland Taylor,1,1.13
,Zach Taylor,1,1.13
,Willie McCoy,1,1.13
,Weston Covey,1,1.13
,Matt Long,1,1.13
,Landon Tate,1,1.13
,Denver Harper,1,1.13
,Wesley Watson,1,1.13
,Mason Hayes,1,1.13
,Tyler Buchner,1,1.13
,Destin Hill,1,1.13
,Derrick Anderson Jr.,1,1.13
,D'Hani Cobbs,1,1.13
,Vilay Nakkoun Jr.,1,1.13
,Corbin Wilson,1,1.13
,DaMarion Fowlkes,1,1.13
,Anthony Simpson,1,1.13
,Amarion Brown,1,1.13
,Alfred Jordan Jr.,1,1.13
,Angel Sanchez,1,1.13
00-0039710,Jeshaun Jones,0,1.13
,Lucci Fidone,1,1.13
,Sherone White Jr.,1,1.13
,T.J. McWilliams,1,1.13
,Isaiah Bryant,1,1.13
,Isaac Moore,1,1.13
,Henry Stickler,1,1.13
,Michael Barrow,1,1.13
,Carter Shaw,1,1.13
,Carson Robbins,1,1.13
,Michael Doctor,1,1.13
,Michael Donegan,1,1.13
00-0034928,Steven Sims,0,1.13
00-0034867,Malik Turner,0,1.13
,Gerick Robinson,1,1.13
,Griffin Koch,1,1.13
,Greg Randall,1,1.13
,Michael Landolfi,1,1.13
00-0033572,Jamal Agnew,0,1.13
,Gavin Johnson,1,1.13
,Christian Tutson,1,1.13
,Charles Ross,1,1.13
,Garrett Harstad,1,1.13
,Tar'Varish Dawson Jr.,1,1.13
,Gavin Batt,1,1.13
,Gavin Blackwell,1,1.13
00-0034054,River Cracraft,0,1.13
,Chris Elko,1,1.13
,Max Loveall,1,1.13
,Ellijah Washington,1,1.13
,Eriq Rice,1,1.13
,Gage Leonard,1,1.13
,Fredrick Moore,1,1.13
,Chris Kiel,1,1.13
,Zavier Short,1,1.13
,Trey Roberts,1,1.13
,Maurice Stephens,1,1.13
,Jahari Johnson,1,1.13
,Kenny Williams,1,1.13
,Kellen Stewart,1,1.13
,Jadon Loving,1,1.13
,Carson Perry-Smith,1,1.13
,Samuel Baddoo,1,1.13
,Jabari Jones,1,1.13
,Bryson Goodwin,1,1.13
,Ronald Coleman,1,1.13
,Jaquan Johnson,1,1.13
,Jarel Williams,1,1.13
,Jared Merk,1,1.13
,Jared Kelley,1,1.13
,Riley Jenne,1,1.13
,Jase Hannigan,1,1.13
,Jase Nix,1,1.13
,Bryce Noernberg,1,1.13
,Mark Didio,1,1.13
,Jacques Wyatt,1,1.13
,Jaden Hodge,1,1.13
,Shaun Nicholas,1,1.13
,Khamani Debrow,1,1.13
,Miles Cremascoli,1,1.13
,Jackson Thomas,1,1.13
,Ta'Ron Haile,1,1.13
,Jacobe Hayes,1,1.13
,Jack Fennell,1,1.13
00-0036527,DJ Turner,0,1.13
00-0036463,Chris Blair,0,1.13
,Rayshawn Glover,1,1.13
,Reed Linder,1,1.13
,Richard Hollis,1,1.13
,Jayden Bell,1,1.13
,Jayden Davis,1,1.13
,Jayden Brannan,1,1.13
,Jayden Drayton,1,1.13
,Jaxson Lavender,1,1.13
00-0038492,Jason Brownlee,0,1.13
,Mana Carvalho,1,1.13
,Mar'Quan Gary,1,1.13
,Bryce Goulet,1,1.13
,Bredell Richardson,1,1.13
00-0037380,Kaden Davis,0,1.13
,Jayden Mines,1,1.13
,Ravon Grant,1,1.13
,Jeremiah Ballard,1,1.13
,Pierce St Geme,1,1.13
,Peyton Plott,1,1.13
,Jeremiah Patterson,1,1.13
,Paul Kelly,1,1.13
,John Montague,1,1.13
,Brandon Hills,1,1.13
,Austin Clay,1,1.13
00-0038740,Jalen Cropper,0,1.13
,Bryce Cohoon,1,1.13
,Blake Guffey,1,1.13
,Bobby Golden,1,1.13
,Ke'Vondrick Taylor,1,1.13
,Kayden McGee,1,1.13
,Quentin Redding,1,1.13
,Jaylan Johnson,1,1.13
,Karson Kaiser,1,1.13
,Nate Williams,1,1.13
,Kahleil Jackson,1,1.13
,Nathan Roberts,1,1.13
,Neo Clifton,1,1.13
,Jordan Clark,1,1.13
,Joe Taylor,1,1.13
,Armoni Weaver,1,1.13
,Luke Doty,1,1.13
,Ben Levine,1,1.13
,Albert Fleming IV,1,1.13
,Malik Kemp,1,1.13
,Ben Wheeler,1,1.13
,Jordyn Bridgewater,1,1.13
,Parker Threatt,1,1.13
,Justin Luke,1,1.13
,Nik Henry,1,1.13
,Josh Williamson,1,1.13
,Joshua Thompson,1,1.13
,Alante Brown,1,1.13
,Nick Johnson,1,1.13
,Luke Sivon,1,1.13
,Jovanni McGee,1,1.13
,Josiah Zamora,1,1.13
00-0040629,Dalevon Campbell,0,1.13
,Antwon Thomas,1,1.13
,Justin Rodriguez,1,1.13
,Kaden Taylor,1,1.13
00-0040352,Coleman Owen,0,1.13
00-0040506,Myles Price,0,1.13
,Aaron Rogers,1,1.13
00-0040431,Dalen Cambre,0,1.13
,Arkese Parks,1,1.12
,C.J. Smith,1,1.12
,Lekeldrick Bridges,1,1.12
,Dakarai Anderson,1,1.12
,Tucker Bolen,1,1.12
,Tre Benson III,1,1.12
,Lamere Byrd,1,1.12
,Duke Smith,1,1.12
,Matthew Williams,1,1.12
,Keino Fitzpatrick II,1,1.12
00-0038911,Malik Cunningham,0,1.11
,Jaylen Lloyd,1,1.11
,Justin Lynch,1,1.11
